<?xml version="1.0" encoding="UTF-8"?>
<root>
  <item name="com.mapbox.rctmgl.components.camera.CameraStop void setMode(int) 0">
    <annotation name="android.support.annotation.IntDef">
      <val name="value" val="{com.mapbox.rctmgl.components.camera.constants.CameraMode.FLIGHT, com.mapbox.rctmgl.components.camera.constants.CameraMode.EASE, com.mapbox.rctmgl.components.camera.constants.CameraMode.NONE}" />
    </annotation>
  </item>
  <item name="com.mapbox.rctmgl.components.camera.CameraUpdateItem CameraUpdateItem(com.mapbox.mapboxsdk.camera.CameraUpdate, int, com.mapbox.mapboxsdk.maps.MapboxMap.CancelableCallback, int) 3">
    <annotation name="android.support.annotation.IntDef">
      <val name="value" val="{com.mapbox.rctmgl.components.camera.constants.CameraMode.FLIGHT, com.mapbox.rctmgl.components.camera.constants.CameraMode.EASE, com.mapbox.rctmgl.components.camera.constants.CameraMode.NONE}" />
    </annotation>
  </item>
</root>

